Workbook

Sheet Ke hoach listing
A1: KẾ HOẠCH 4 LISTING NHÂN BẢN THEO VẤN ĐỀ (giá lẻ lấy từ file mass_update của shop)
A2: Chữ xanh = số nhập tay (sửa được). Chữ đen = công thức. Ô vàng ở sheet "Gia dinh".
A4: Mã | B4: Vấn đề / tệp khách | C4: Thành phần combo | D4: Tổng giá lẻ (VND) | E4: Giá combo đề xuất (VND) | F4: % giảm so với giá lẻ | G4: Giá vốn (VND) | H4: Phí sàn (VND) | I4: Ads @ACOS ra mắt (VND) | J4: Lãi/đơn giai đoạn ra mắt (VND) | K4: % lãi ra mắt | L4: Ads @ACOS ổn định (VND) | M4: Lãi/đơn giai đoạn ổn định (VND) | N4: % lãi ổn định | O4: ACOS hòa vốn | P4: Tên listing (mẫu) | Q4: Ý tưởng ảnh bìa | R4: Tuần ra mắt
A5: A | B5: Da đầu dầu, tóc bết nhanh: dân văn phòng, người đội mũ bảo hiểm | C5: 2 Muối tẩy TBC da đầu 50g + 1 Dầu gội bồ kết 200g | D5: =2*200000+191000 -> 591000 | E5: 519000 | F5: =1-E5/D5 -> 0.12182741 | G5: =E5*'Gia dinh'!$B$4 -> 155700 | H5: =E5*'Gia dinh'!$B$5 -> 129750 | I5: =E5*'Gia dinh'!$B$6 -> 129750 | J5: =E5-G5-H5-I5 -> 103800 | K5: =IF(E5=0,0,J5/E5) -> 0.2 | L5: =E5*'Gia dinh'!$B$7 -> 77850 | M5: =E5-G5-H5-L5 -> 155700 | N5: =IF(E5=0,0,M5/E5) -> 0.3 | O5: =1-'Gia dinh'!$B$4-'Gia dinh'!$B$5 -> 0.45 | P5: Bộ Làm Sạch Da Đầu Dầu Bết Hairborn: 2 Muối Tẩy Tế Bào Chết Da Đầu 50g + Dầu Gội Bồ Kết 200g, Tóc Bồng Nhẹ | Q5: Ảnh đôi chân tóc bết và chân tóc bồng. Chữ lớn: "HẾT BẾT – TÓC BỒNG CẢ NGÀY" | R5: Tuần 1 (13–19/10)
A6: B | B6: Gàu, da đầu khô bong vảy: đúng mùa hanh khô cuối năm | C6: 2 Dầu gội bồ kết 200g + 1 Muối tẩy TBC da đầu 50g | D6: =2*191000+200000 -> 582000 | E6: 499000 | F6: =1-E6/D6 -> 0.14261168 | G6: =E6*'Gia dinh'!$B$4 -> 149700 | H6: =E6*'Gia dinh'!$B$5 -> 124750 | I6: =E6*'Gia dinh'!$B$6 -> 124750 | J6: =E6-G6-H6-I6 -> 99800 | K6: =IF(E6=0,0,J6/E6) -> 0.2 | L6: =E6*'Gia dinh'!$B$7 -> 74850 | M6: =E6-G6-H6-L6 -> 149700 | N6: =IF(E6=0,0,M6/E6) -> 0.3 | O6: =1-'Gia dinh'!$B$4-'Gia dinh'!$B$5 -> 0.45 | P6: Liệu Trình Sạch Gàu 1 Tháng Hairborn: 2 Dầu Gội Bồ Kết 200g + Muối Tẩy Tế Bào Chết Da Đầu, Giảm Bong Vảy | Q6: Cận cảnh da đầu sạch vảy, tông xanh lá thảo dược. Chữ: "SẠCH GÀU VẢY – DA ĐẦU THÔNG THOÁNG" | R6: Tuần 2 (20–26/10)
A7: C | B7: Tóc khô xơ, hư tổn sau uốn, nhuộm, tẩy: nữ, tệp khác hẳn tệp rụng tóc hiện tại | C7: 1 Mặt nạ ủ Collagen 200g + 1 Dầu gội bồ kết 200g | D7: =445000+191000 -> 636000 | E7: 559000 | F7: =1-E7/D7 -> 0.12106918 | G7: =E7*'Gia dinh'!$B$4 -> 167700 | H7: =E7*'Gia dinh'!$B$5 -> 139750 | I7: =E7*'Gia dinh'!$B$6 -> 139750 | J7: =E7-G7-H7-I7 -> 111800 | K7: =IF(E7=0,0,J7/E7) -> 0.2 | L7: =E7*'Gia dinh'!$B$7 -> 83850 | M7: =E7-G7-H7-L7 -> 167700 | N7: =IF(E7=0,0,M7/E7) -> 0.3 | O7: =1-'Gia dinh'!$B$4-'Gia dinh'!$B$5 -> 0.45 | P7: Bộ Phục Hồi Tóc Khô Xơ Sau Uốn Nhuộm Hairborn: Ủ Tóc Collagen 200g + Dầu Gội Bồ Kết 200g, Tóc Mềm Mượt | Q7: Ảnh đôi tóc xơ rối và tóc bóng mượt. Chữ: "TÓC NHUỘM UỐN – MỀM MƯỢT TRỞ LẠI" | R7: Tuần 1 (13–19/10)
A8: D | B8: Nam giới tóc thưa, da đầu dầu: mở tệp nam cho sản phẩm lăn chủ lực | C8: 1 Lăn tóc 60g + 1 Muối tẩy TBC da đầu 50g | D8: =339000+200000 -> 539000 | E8: 479000 | F8: =1-E8/D8 -> 0.11131725 | G8: =E8*'Gia dinh'!$B$4 -> 143700 | H8: =E8*'Gia dinh'!$B$5 -> 119750 | I8: =E8*'Gia dinh'!$B$6 -> 119750 | J8: =E8-G8-H8-I8 -> 95800 | K8: =IF(E8=0,0,J8/E8) -> 0.2 | L8: =E8*'Gia dinh'!$B$7 -> 71850 | M8: =E8-G8-H8-L8 -> 143700 | N8: =IF(E8=0,0,M8/E8) -> 0.3 | O8: =1-'Gia dinh'!$B$4-'Gia dinh'!$B$5 -> 0.45 | P8: Bộ Chăm Sóc Da Đầu Cho Nam Hairborn: Lăn Dưỡng Tóc Ion Nano 60g + Muối Tẩy Tế Bào Chết Da Đầu 50g | Q8: Tông tối, người mẫu nam. Chữ: "DA ĐẦU SẠCH – TÓC TRÔNG DÀY HƠN" | R8: Tuần 2 (20–26/10)

Sheet Gia dinh
A1: GIẢ ĐỊNH CHUNG (ô vàng = bạn sửa theo số thật)
A3: Chỉ số | B3: Giá trị | C3: Ghi chú / nguồn
A4: Giá vốn (% giá bán) | B4: 0.3 | C4: Theo bạn cung cấp: giá vốn = 30% giá bán
A5: Tổng phí sàn (% giá bán) | B5: 0.25 | C5: GIẢ ĐỊNH tạm: phí cố định + phí thanh toán + Freeship/Voucher Xtra. Xem số thật trong Kênh Người Bán > Tài chính và sửa lại
A6: ACOS mục tiêu giai đoạn ra mắt (14 ngày đầu) | B6: 0.25 | C6: Tương đương ROAS 4. Chấp nhận lãi mỏng để lấy lịch sử bán
A7: ACOS mục tiêu giai đoạn ổn định | B7: 0.15 | C7: Ngang mức shop đang chạy (ACOS thực tế 30 ngày ~14-16%)
A8: Giảm giá combo so với tổng giá lẻ | B8: 0.12 | C8: Khách thấy rõ lợi ích mua combo

Sheet Phan bo tu khoa
A1: PHÂN BỔ TỪ KHÓA: mỗi listing chỉ chạy ads nhóm từ khóa của mình
A2: Cần đối chiếu với báo cáo từ khóa thực tế trong Shopee Ads trước khi chốt (file bạn gửi là báo cáo cấp chiến dịch, chưa có từ khóa).
A4: Listing | B4: Từ khóa chính (đưa vào tên + ads) | C4: Từ khóa phụ (ads, mô tả) | D4: KHÔNG chạy ads (nhường listing khác) | E4: Câu chữ nên dùng | F4: Câu chữ KHÔNG dùng
A5: Listing gốc (lăn tóc, Hair-Boost, combo hiện có) | B5: lăn tóc, peel tóc, dầu gội giảm rụng, dầu gội bồ kết, Hairborn | C5: lăn dưỡng tóc, serum tóc | D5: tóc bết, gàu, tóc nhuộm, tóc nam | E5: (giữ như hiện tại, xem lưu ý claim ở sheet "Rui ro")
A6: A – Da đầu dầu bết | B6: da đầu dầu, tóc bết, làm sạch da đầu | C6: dầu gội cho tóc dầu, tóc bết nhanh, gội đầu bị bết | D6: gàu, tóc nhuộm, tóc nam, mọc tóc | E6: làm sạch dầu thừa, tóc bồng nhẹ, da đầu thông thoáng | F6: trị bết vĩnh viễn, điều trị
A7: B – Gàu, bong vảy | B7: sạch gàu, dầu gội gàu, da đầu bong vảy | C7: da đầu khô, gàu ngứa, dầu gội thảo dược gàu | D7: tóc bết, tóc nhuộm, tóc nam, mọc tóc | E7: làm sạch gàu, giảm bong vảy, cảm giác dễ chịu | F7: trị gàu, trị nấm, chữa ngứa
A8: C – Tóc khô xơ sau uốn nhuộm | B8: ủ tóc phục hồi, tóc khô xơ, tóc hư tổn | C8: tóc nhuộm, tóc uốn, kem ủ tóc collagen, tóc chẻ ngọn | D8: tóc bết, gàu, tóc nam, mọc tóc | E8: mềm mượt, bóng tóc, giảm xơ rối | F8: phục hồi 100%, tái tạo tế bào tóc
A9: D – Da đầu nam | B9: chăm sóc tóc nam, dưỡng tóc nam, da đầu nam | C9: tóc thưa nam, serum tóc nam, tẩy da chết da đầu nam | D9: tóc bết (nữ), gàu, tóc nhuộm | E9: tóc trông dày hơn, da đầu sạch, giúp tinh chất thẩm thấu tốt hơn | F9: trị hói, mọc tóc, chữa rụng tóc

Sheet Rui ro trung lap
A1: RỦI RO HIỆN TẠI CẦN XỬ LÝ TRƯỚC KHI NHÂN BẢN (lấy từ file mass_update)
A3: Vấn đề | B3: Mã sản phẩm liên quan | C3: Chi tiết | D3: Đề xuất
A4: Lăn tóc lẻ (SKU 207785363249 / "LĂN TÓC") được bán ở rất nhiều listing | B4: 40100338280, 42403086926, 29137451437, 43773332134, 44173314360, 45751462699, 50655842508, 51501432983, 54708857518 | C4: Cùng 1 sản phẩm lẻ xuất hiện ở ~9 listing, giá không đồng nhất (339.000 ở đa số listing, 405.000 ở 3 listing). | D4: Giữ phân loại lẻ ở 40100338280 (listing chạy ads tốt nhất) và tối đa 1 listing nữa. Các listing combo chỉ nên giữ phân loại combo. Làm dần 1–2 listing mỗi ngày, ưu tiên listing có phân loại hết hàng.
A5: Dầu gội Hair-Boost 450g lẻ (SKU 301896326635) lặp ở nhiều listing | B5: 42403086926, 43773332134, 44173314360, 45751462699, 51501432983 | C5: Giá lẻ 445.000 ở 4 listing, 600.000 ở listing 45751462699. | D5: Giữ lẻ ở 44173314360 (listing dầu gội chính). Thống nhất giá.
A6: Giá cùng combo khác nhau giữa các listing | B6: GỘI LĂN: 707.000 / 985.000 / 1.005.000; 2 LĂN: 552.000 / 800.000 | C6: Khách so sánh giữa các listing của chính shop sẽ thấy chênh lệch, giảm niềm tin và tăng tỉ lệ thoát trang. | D6: Thống nhất 1 mức giá cho mỗi combo trên toàn shop.
A7: Tên thương hiệu sai trong tiêu đề | B7: 40200338484, 40200338225 | C7: Tiêu đề ghi "Thương Hiệu: Mocha" trong khi shop là HAIRBORN. | D7: Sửa thành Hairborn. Sai thương hiệu dễ bị Shopee đánh dấu là thông tin sai lệch.
A8: Claim mang tính điều trị trong tiêu đề | B8: Phần lớn listing: "Mọc Tóc", "Ngăn Rụng Tóc", "Giảm Rụng" | C8: Theo quy định mỹ phẩm tại Việt Nam, công dụng phải khớp với phiếu công bố. "Mọc tóc", "ngăn rụng tóc" là claim dễ bị coi là công dụng điều trị. | D8: Đối chiếu phiếu công bố của từng sản phẩm. Listing mới KHÔNG dùng các claim này. Listing cũ cân nhắc chuyển dần sang "hỗ trợ giảm gãy rụng", "nuôi dưỡng chân tóc".
A9: Listing gần như hết hàng toàn bộ phân loại | B9: 29137451437 (chỉ còn LĂN TÓC), 40200338225 (chỉ còn 2 LĂN TÓC) | C9: Phân loại tồn kho 0 làm giảm tỉ lệ chuyển đổi và là các bản trùng không còn tác dụng. | D9: Không xóa vội (giữ đánh giá). Ẩn các phân loại hết hàng, hoặc ẩn listing nếu không còn traffic.

Sheet Theo doi 14 ngay
A1: THEO DÕI LISTING MỚI: nhập số mỗi ngày từ Phân tích bán hàng và Shopee Ads (ô vàng)
A2: Dòng 5 là VÍ DỤ minh họa cách nhập. Xóa và nhập số thật.
A4: Ngày | B4: Listing | C4: Lượt hiển thị | D4: Lượt click | E4: Đơn | F4: Doanh số (VND) | G4: Chi phí ads (VND) | H4: CTR | I4: Tỉ lệ chuyển đổi | J4: ROAS | K4: ACOS | L4: Chẩn đoán
A5: 13/10/2026 | B5: A | C5: 1200 | D5: 30 | E5: 3 | F5: 1557000 | G5: 220000 | H5: =IF(C5>0,D5/C5,"") -> 0.025 | I5: =IF(D5>0,E5/D5,"") -> 0.1 | J5: =IF(G5>0,F5/G5,"") -> 7.0772727 | K5: =IF(F5>0,G5/F5,"") -> 0.14129737 | L5: =IF(C5="","",IF(C5<200,"Ít hiển thị: xem lại từ khóa trong tên",IF(H5<0.015,"CTR thấp: đổi ảnh bìa",IF(I5<0.05,"Click nhưng ít đơn: xem lại giá, video, đánh giá",IF(AND(K5<>"",K5>0.25),"ACOS cao: giảm giá thầu","Ổn: giữ và tăng dần ngân sách"))))) -> Ổn: giữ và tăng dần ngân sách
H6: =IF(C6>0,D6/C6,"") | I6: =IF(D6>0,E6/D6,"") | J6: =IF(G6>0,F6/G6,"") | K6: =IF(F6>0,G6/F6,"") | L6: =IF(C6="","",IF(C6<200,"Ít hiển thị: xem lại từ khóa trong tên",IF(H6<0.015,"CTR thấp: đổi ảnh bìa",IF(I6<0.05,"Click nhưng ít đơn: xem lại giá, video, đánh giá",IF(AND(K6<>"",K6>0.25),"ACOS cao: giảm giá thầu","Ổn: giữ và tăng dần ngân sách")))))
H7: =IF(C7>0,D7/C7,"") | I7: =IF(D7>0,E7/D7,"") | J7: =IF(G7>0,F7/G7,"") | K7: =IF(F7>0,G7/F7,"") | L7: =IF(C7="","",IF(C7<200,"Ít hiển thị: xem lại từ khóa trong tên",IF(H7<0.015,"CTR thấp: đổi ảnh bìa",IF(I7<0.05,"Click nhưng ít đơn: xem lại giá, video, đánh giá",IF(AND(K7<>"",K7>0.25),"ACOS cao: giảm giá thầu","Ổn: giữ và tăng dần ngân sách")))))
H8: =IF(C8>0,D8/C8,"") | I8: =IF(D8>0,E8/D8,"") | J8: =IF(G8>0,F8/G8,"") | K8: =IF(F8>0,G8/F8,"") | L8: =IF(C8="","",IF(C8<200,"Ít hiển thị: xem lại từ khóa trong tên",IF(H8<0.015,"CTR thấp: đổi ảnh bìa",IF(I8<0.05,"Click nhưng ít đơn: xem lại giá, video, đánh giá",IF(AND(K8<>"",K8>0.25),"ACOS cao: giảm giá thầu","Ổn: giữ và tăng dần ngân sách")))))
H9: =IF(C9>0,D9/C9,"") | I9: =IF(D9>0,E9/D9,"") | J9: =IF(G9>0,F9/G9,"") | K9: =IF(F9>0,G9/F9,"") | L9: =IF(C9="","",IF(C9<200,"Ít hiển thị: xem lại từ khóa trong tên",IF(H9<0.015,"CTR thấp: đổi ảnh bìa",IF(I9<0.05,"Click nhưng ít đơn: xem lại giá, video, đánh giá",IF(AND(K9<>"",K9>0.25),"ACOS cao: giảm giá thầu","Ổn: giữ và tăng dần ngân sách")))))
H10: =IF(C10>0,D10/C10,"") | I10: =IF(D10>0,E10/D10,"") | J10: =IF(G10>0,F10/G10,"") | K10: =IF(F10>0,G10/F10,"") | L10: =IF(C10="","",IF(C10<200,"Ít hiển thị: xem lại từ khóa trong tên",IF(H10<0.015,"CTR thấp: đổi ảnh bìa",IF(I10<0.05,"Click nhưng ít đơn: xem lại giá, video, đánh giá",IF(AND(K10<>"",K10>0.25),"ACOS cao: giảm giá thầu","Ổn: giữ và tăng dần ngân sách")))))
H11: =IF(C11>0,D11/C11,"") | I11: =IF(D11>0,E11/D11,"") | J11: =IF(G11>0,F11/G11,"") | K11: =IF(F11>0,G11/F11,"") | L11: =IF(C11="","",IF(C11<200,"Ít hiển thị: xem lại từ khóa trong tên",IF(H11<0.015,"CTR thấp: đổi ảnh bìa",IF(I11<0.05,"Click nhưng ít đơn: xem lại giá, video, đánh giá",IF(AND(K11<>"",K11>0.25),"ACOS cao: giảm giá thầu","Ổn: giữ và tăng dần ngân sách")))))
H12: =IF(C12>0,D12/C12,"") | I12: =IF(D12>0,E12/D12,"") | J12: =IF(G12>0,F12/G12,"") | K12: =IF(F12>0,G12/F12,"") | L12: =IF(C12="","",IF(C12<200,"Ít hiển thị: xem lại từ khóa trong tên",IF(H12<0.015,"CTR thấp: đổi ảnh bìa",IF(I12<0.05,"Click nhưng ít đơn: xem lại giá, video, đánh giá",IF(AND(K12<>"",K12>0.25),"ACOS cao: giảm giá thầu","Ổn: giữ và tăng dần ngân sách")))))
H13: =IF(C13>0,D13/C13,"") | I13: =IF(D13>0,E13/D13,"") | J13: =IF(G13>0,F13/G13,"") | K13: =IF(F13>0,G13/F13,"") | L13: =IF(C13="","",IF(C13<200,"Ít hiển thị: xem lại từ khóa trong tên",IF(H13<0.015,"CTR thấp: đổi ảnh bìa",IF(I13<0.05,"Click nhưng ít đơn: xem lại giá, video, đánh giá",IF(AND(K13<>"",K13>0.25),"ACOS cao: giảm giá thầu","Ổn: giữ và tăng dần ngân sách")))))
H14: =IF(C14>0,D14/C14,"") | I14: =IF(D14>0,E14/D14,"") | J14: =IF(G14>0,F14/G14,"") | K14: =IF(F14>0,G14/F14,"") | L14: =IF(C14="","",IF(C14<200,"Ít hiển thị: xem lại từ khóa trong tên",IF(H14<0.015,"CTR thấp: đổi ảnh bìa",IF(I14<0.05,"Click nhưng ít đơn: xem lại giá, video, đánh giá",IF(AND(K14<>"",K14>0.25),"ACOS cao: giảm giá thầu","Ổn: giữ và tăng dần ngân sách")))))
H15: =IF(C15>0,D15/C15,"") | I15: =IF(D15>0,E15/D15,"") | J15: =IF(G15>0,F15/G15,"") | K15: =IF(F15>0,G15/F15,"") | L15: =IF(C15="","",IF(C15<200,"Ít hiển thị: xem lại từ khóa trong tên",IF(H15<0.015,"CTR thấp: đổi ảnh bìa",IF(I15<0.05,"Click nhưng ít đơn: xem lại giá, video, đánh giá",IF(AND(K15<>"",K15>0.25),"ACOS cao: giảm giá thầu","Ổn: giữ và tăng dần ngân sách")))))
H16: =IF(C16>0,D16/C16,"") | I16: =IF(D16>0,E16/D16,"") | J16: =IF(G16>0,F16/G16,"") | K16: =IF(F16>0,G16/F16,"") | L16: =IF(C16="","",IF(C16<200,"Ít hiển thị: xem lại từ khóa trong tên",IF(H16<0.015,"CTR thấp: đổi ảnh bìa",IF(I16<0.05,"Click nhưng ít đơn: xem lại giá, video, đánh giá",IF(AND(K16<>"",K16>0.25),"ACOS cao: giảm giá thầu","Ổn: giữ và tăng dần ngân sách")))))
H17: =IF(C17>0,D17/C17,"") | I17: =IF(D17>0,E17/D17,"") | J17: =IF(G17>0,F17/G17,"") | K17: =IF(F17>0,G17/F17,"") | L17: =IF(C17="","",IF(C17<200,"Ít hiển thị: xem lại từ khóa trong tên",IF(H17<0.015,"CTR thấp: đổi ảnh bìa",IF(I17<0.05,"Click nhưng ít đơn: xem lại giá, video, đánh giá",IF(AND(K17<>"",K17>0.25),"ACOS cao: giảm giá thầu","Ổn: giữ và tăng dần ngân sách")))))
... H64: =IF(C64>0,D64/C64,"") | I64: =IF(D64>0,E64/D64,"") | J64: =IF(G64>0,F64/G64,"") | K64: =IF(F64>0,G64/F64,"") | L64: =IF(C64="","",IF(C64<200,"Ít hiển thị: xem lại từ khóa trong tên",IF(H64<0.015,"CTR thấp: đổi ảnh bìa",IF(I64<0.05,"Click nhưng ít đơn: xem lại giá, video, đánh giá",IF(AND(K64<>"",K64>0.25),"ACOS cao: giảm giá thầu","Ổn: giữ và tăng dần ngân sách")))))

Sheet Lich ra mat
A1: LỊCH TRIỂN KHAI
A3: Thời gian | B3: Việc cần làm
A4: 7–10/10 | B4: Dồn lực cho 10.10 bằng các listing hiện có. Chưa lên listing mới (không kịp đăng ký chương trình). Chuẩn bị ảnh bìa, video, mô tả cho A và C.
A5: 11–12/10 | B5: Dọn trùng lặp: sửa tên "Mocha", thống nhất giá combo, ẩn phân loại lăn tóc lẻ ở 2–3 listing combo đầu tiên.
A6: 13–19/10 (Tuần 1) | B6: Lên listing A và C. Voucher riêng cho sản phẩm mới. Mở Affiliate với hoa hồng cao hơn mức thường. Ads tìm kiếm thủ công ~50.000đ/ngày/listing, chỉ nhắm từ khóa ở sheet "Phan bo tu khoa".
A7: 20–26/10 (Tuần 2) | B7: Lên listing B và D. Gắn A và C vào Combo khuyến mãi với listing lăn tóc 40100338280 để dẫn traffic.
A8: Cuối tháng 10 | B8: Đọc sheet "Theo doi 14 ngay". Listing nào có ROAS ≥ 4 thì tăng ngân sách và đăng ký vào 11.11 (theo hạn đăng ký Shopee công bố). Listing yếu thì sửa ảnh bìa, tên, giá trước, chưa xóa.
A9: 11.11 → 12.12 | B9: Dồn ngân sách cho 1–2 listing mới tốt nhất. Lặp lại quy trình với hướng nhân bản tiếp theo.
